{
  "schema_version": "1.3",
  "aiperf_version": "0.11.0",
  "benchmark_id": "88f4eebb5cfc",
  "request_throughput": {
    "unit": "requests/sec",
    "avg": 0.05695959241304499
  },
  "request_latency": {
    "unit": "ms",
    "avg": 279918.13409315626,
    "p1": 278939.70359961997,
    "p5": 279232.267955,
    "p10": 279401.4749022,
    "p25": 279620.229827,
    "p50": 279872.47556349996,
    "p75": 280161.26423825,
    "p90": 280416.97103059996,
    "p95": 280800.3961273,
    "p99": 281142.51394460996,
    "min": 278650.234744,
    "max": 281265.888516,
    "std": 463.21866981002347,
    "count": 64,
    "sum": 17914760.581962
  },
  "request_count": {
    "unit": "requests",
    "avg": 64.0
  },
  "time_to_first_token": {
    "unit": "ms",
    "avg": 656.0415862656249,
    "p1": 270.16659473,
    "p5": 282.29635160000004,
    "p10": 350.1545216,
    "p25": 444.66065425,
    "p50": 613.5208309999999,
    "p75": 895.42162575,
    "p90": 1014.7380833999999,
    "p95": 1114.2326327,
    "p99": 1126.6220308499999,
    "min": 268.74753799999996,
    "max": 1127.1718349999999,
    "std": 259.18740832273073,
    "count": 64,
    "sum": 41986.661520999995
  },
  "time_to_second_token": {
    "unit": "ms",
    "avg": 130.77351346875,
    "p1": 0.0,
    "p5": 4.024662750000008,
    "p10": 23.688607899999997,
    "p25": 25.947692749999998,
    "p50": 46.3238175,
    "p75": 224.93750125,
    "p90": 272.20994160000004,
    "p95": 321.34386459999973,
    "p99": 485.47532512,
    "min": 0.0,
    "max": 488.415331,
    "std": 125.20191551165365,
    "count": 64,
    "sum": 8369.504862
  },
  "inter_token_latency": {
    "unit": "ms",
    "avg": 34.093772739212625,
    "p1": 33.97423577181662,
    "p5": 33.98713356708582,
    "p10": 34.02025304015383,
    "p25": 34.05782636112806,
    "p50": 34.09302827969722,
    "p75": 34.132992128067386,
    "p90": 34.16637906105482,
    "p95": 34.18505589727139,
    "p99": 34.2521692164522,
    "min": 33.974217099865704,
    "max": 34.27027999804663,
    "std": 0.06156943935582903,
    "count": 64,
    "sum": 2182.0014553096084
  },
  "output_token_throughput": {
    "unit": "tokens/sec",
    "avg": 466.61298104766456
  },
  "output_token_throughput_per_user": {
    "unit": "tokens/sec/user",
    "avg": 29.330965135950308,
    "p1": 29.195236010882468,
    "p5": 29.252548428747726,
    "p10": 29.268539069693617,
    "p25": 29.29716791340913,
    "p50": 29.331510290646648,
    "p75": 29.36182687068539,
    "p90": 29.394255214251107,
    "p95": 29.422899892178716,
    "p99": 29.434069002067993,
    "min": 29.179802442728764,
    "max": 29.434085178785555,
    "std": 0.05294149799458798,
    "count": 64,
    "sum": 1877.1817687008192
  },
  "output_sequence_length": {
    "unit": "tokens",
    "avg": 8192.0,
    "p1": 8192.0,
    "p5": 8192.0,
    "p10": 8192.0,
    "p25": 8192.0,
    "p50": 8192.0,
    "p75": 8192.0,
    "p90": 8192.0,
    "p95": 8192.0,
    "p99": 8192.0,
    "min": 8192.0,
    "max": 8192.0,
    "std": 0.0,
    "count": 64,
    "sum": 524288.0
  },
  "input_sequence_length": {
    "unit": "tokens",
    "avg": 1050.9375,
    "p1": 1050.0,
    "p5": 1050.0,
    "p10": 1050.3,
    "p25": 1051.0,
    "p50": 1051.0,
    "p75": 1051.0,
    "p90": 1051.0,
    "p95": 1051.0,
    "p99": 1052.0,
    "min": 1050.0,
    "max": 1052.0,
    "std": 0.3903123748998999,
    "count": 64,
    "sum": 67260.0
  },
  "output_token_count": {
    "unit": "tokens",
    "avg": 8192.0,
    "p1": 8192.0,
    "p5": 8192.0,
    "p10": 8192.0,
    "p25": 8192.0,
    "p50": 8192.0,
    "p75": 8192.0,
    "p90": 8192.0,
    "p95": 8192.0,
    "p99": 8192.0,
    "min": 8192.0,
    "max": 8192.0,
    "std": 0.0,
    "count": 64,
    "sum": 524288.0
  },
  "inter_chunk_latency": {
    "unit": "ms",
    "avg": 34.093772739212625,
    "p1": 31.33325465008579,
    "p5": 32.38099334954031,
    "p10": 32.83710645610194,
    "p25": 33.53118238374269,
    "p50": 34.131819400354864,
    "p75": 34.64579373994527,
    "p90": 35.01154688233176,
    "p95": 35.247460151998,
    "p99": 35.69507744608599,
    "min": 0.0,
    "max": 1598.4167229999998,
    "std": 6.435106319561173,
    "count": 524224,
    "sum": 17872773.920440998
  },
  "total_output_tokens": {
    "unit": "tokens",
    "avg": 524288.0
  },
  "benchmark_duration": {
    "unit": "sec",
    "avg": 1123.6035457540002
  },
  "total_isl": {
    "unit": "tokens",
    "avg": 67260.0
  },
  "total_osl": {
    "unit": "tokens",
    "avg": 524288.0
  },
  "telemetry_data": {
    "summary": {
      "endpoints_configured": [],
      "endpoints_successful": [],
      "start_time": "2026-06-06T23:05:07.924838",
      "end_time": "2026-06-06T23:23:53.879490"
    },
    "endpoints": {},
    "error_summary": []
  },
  "input_config": {
    "models": {
      "items": [
        {
          "name": "nvidia/Kimi-K2.5-NVFP4"
        }
      ]
    },
    "endpoint": {
      "urls": [
        "http://agg-sglang-kimi-k25-nvfp4-frontend.default.svc.cluster.local:8000"
      ],
      "type": "chat",
      "streaming": true,
      "use_server_token_count": true,
      "extra": {
        "ignore_eos": true,
        "max_tokens": 8192,
        "min_tokens": 8192,
        "temperature": 0.0,
        "repetition_penalty": 1.0
      }
    },
    "datasets": [
      {
        "name": "main",
        "type": "synthetic",
        "entries": 64,
        "random_seed": 100,
        "prompts": {
          "isl": {
            "mean": 204.0,
            "stddev": 0.0
          },
          "osl": {
            "mean": 8192.0,
            "stddev": 0.0
          }
        },
        "prefix_prompts": {
          "pool_size": 32,
          "length": 820
        }
      }
    ],
    "phases": [
      {
        "name": "warmup",
        "type": "concurrency",
        "exclude_from_results": true,
        "requests": 32,
        "concurrency": 16
      },
      {
        "name": "profiling",
        "type": "concurrency",
        "requests": 64,
        "concurrency": 16
      }
    ],
    "artifacts": {
      "dir": "/workspace/results/kv-routing-conc-sweep/dynamo-conc16-20260606-202603",
      "records": [
        "jsonl"
      ],
      "auto_plot": false,
      "plot_required": false
    },
    "tokenizer": {
      "name": "nvidia/Kimi-K2.5-NVFP4",
      "trust_remote_code": true
    },
    "gpu_telemetry": {
      "enabled": true
    },
    "server_metrics": {
      "enabled": true,
      "urls": [],
      "formats": [
        "json",
        "csv"
      ]
    },
    "otel": {},
    "mlflow": {},
    "runtime": {
      "ui": "simple",
      "record_processors": 16
    }
  },
  "run_info": {
    "benchmark_id": "88f4eebb5cfc",
    "random_seed": 100,
    "trial": 0,
    "cli_command": "aiperf profile --model 'nvidia/Kimi-K2.5-NVFP4' --url 'http://agg-sglang-kimi-k25-nvfp4-frontend.default.svc.cluster.local:8000' --endpoint-type 'chat' --streaming --tokenizer 'nvidia/Kimi-K2.5-NVFP4' --tokenizer-trust-remote-code --prefix-prompt-length 820 --num-prefix-prompts 32 --synthetic-input-tokens-mean 204 --synthetic-input-tokens-stddev 0 --output-tokens-mean 8192 --output-tokens-stddev 0 --num-prompts 64 --num-requests 64 --warmup-request-count 32 --use-server-token-count --concurrency 16 --record-processors 16 --random-seed 100 --extra-inputs 'ignore_eos:true' --extra-inputs 'max_tokens:8192' --extra-inputs 'min_tokens:8192' --extra-inputs 'temperature:0.0' --extra-inputs 'repetition_penalty:1.0' --artifact-dir '/workspace/results/kv-routing-conc-sweep/dynamo-conc16-20260606-202603' --ui 'simple'"
  },
  "was_cancelled": false,
  "error_summary": [],
  "start_time": "2026-06-06T23:05:07.924838",
  "end_time": "2026-06-06T23:23:51.857458",
  "http_req_connection_reused": {
    "unit": "ratio",
    "avg": 0.953125,
    "p1": 0.0,
    "p5": 1.0,
    "p10": 1.0,
    "p25": 1.0,
    "p50": 1.0,
    "p75": 1.0,
    "p90": 1.0,
    "p95": 1.0,
    "p99": 1.0,
    "min": 0.0,
    "max": 1.0,
    "std": 0.21137108216357317,
    "count": 64,