{
  "schema_version": "1.3",
  "aiperf_version": "0.11.0",
  "benchmark_id": "4b0616144e92",
  "request_throughput": {
    "unit": "requests/sec",
    "avg": 0.030754162627187064
  },
  "request_latency": {
    "unit": "ms",
    "avg": 257090.72569685936,
    "p1": 243801.85879203,
    "p5": 244664.21004114999,
    "p10": 246179.8884186,
    "p25": 248336.0342985,
    "p50": 258129.021347,
    "p75": 264266.75914225,
    "p90": 265503.7896039,
    "p95": 267280.04114464996,
    "p99": 268680.66799657996,
    "min": 243358.71686699998,
    "max": 268830.10742,
    "std": 8117.549985211367,
    "count": 64,
    "sum": 16453806.444598999
  },
  "request_count": {
    "unit": "requests",
    "avg": 64.0
  },
  "time_to_first_token": {
    "unit": "ms",
    "avg": 352.2497549375,
    "p1": 163.02007374000002,
    "p5": 263.6822343,
    "p10": 267.6916188,
    "p25": 276.20043125,
    "p50": 287.756366,
    "p75": 413.64362324999996,
    "p90": 525.2263624000001,
    "p95": 757.3086197999987,
    "p99": 793.3589524299999,
    "min": 152.35512,
    "max": 794.03503,
    "std": 143.2850482907328,
    "count": 64,
    "sum": 22543.984316
  },
  "time_to_second_token": {
    "unit": "ms",
    "avg": 45.763835421875,
    "p1": 24.482144729999998,
    "p5": 26.1357553,
    "p10": 27.1501038,
    "p25": 28.779942499999997,
    "p50": 30.9073525,
    "p75": 32.65356175,
    "p90": 92.86623359999999,
    "p95": 157.04472409999983,
    "p99": 188.1739940899998,
    "min": 24.237282,
    "max": 228.175376,
    "std": 40.813263180965016,
    "count": 64,
    "sum": 2928.885467
  },
  "inter_token_latency": {
    "unit": "ms",
    "avg": 31.343972157480387,
    "p1": 29.7372281767977,
    "p5": 29.804046415895495,
    "p10": 30.02054035382737,
    "p25": 30.28434536051764,
    "p50": 31.464666415700158,
    "p75": 32.21709127316567,
    "p90": 32.36720194764986,
    "p95": 32.593689096899034,
    "p99": 32.76787025308754,
    "min": 29.6919010800879,
    "max": 32.78696382114516,
    "std": 0.986166005363694,
    "count": 64,
    "sum": 2006.0142180787445
  },
  "output_token_throughput": {
    "unit": "tokens/sec",
    "avg": 251.93810024191643
  },
  "output_token_throughput_per_user": {
    "unit": "tokens/sec/user",
    "avg": 31.93598449815945,
    "p1": 30.51770504566741,
    "p5": 30.68094414489274,
    "p10": 30.89547274712793,
    "p25": 31.039425416746678,
    "p50": 31.78172172368742,
    "p75": 33.02041863071311,
    "p90": 33.31052642877281,
    "p95": 33.552491029308456,
    "p99": 33.62792790986354,
    "min": 30.499926905554887,
    "max": 33.679217686422376,
    "std": 1.014895521806031,
    "count": 64,
    "sum": 2043.9030078822045
  },
  "output_sequence_length": {
    "unit": "tokens",
    "avg": 8192.0,
    "p1": 8192.0,
    "p5": 8192.0,
    "p10": 8192.0,
    "p25": 8192.0,
    "p50": 8192.0,
    "p75": 8192.0,
    "p90": 8192.0,
    "p95": 8192.0,
    "p99": 8192.0,
    "min": 8192.0,
    "max": 8192.0,
    "std": 0.0,
    "count": 64,
    "sum": 524288.0
  },
  "input_sequence_length": {
    "unit": "tokens",
    "avg": 1050.9375,
    "p1": 1050.0,
    "p5": 1050.0,
    "p10": 1050.3,
    "p25": 1051.0,
    "p50": 1051.0,
    "p75": 1051.0,
    "p90": 1051.0,
    "p95": 1051.0,
    "p99": 1052.0,
    "min": 1050.0,
    "max": 1052.0,
    "std": 0.3903123748998999,
    "count": 64,
    "sum": 67260.0
  },
  "output_token_count": {
    "unit": "tokens",
    "avg": 8192.0,
    "p1": 8192.0,
    "p5": 8192.0,
    "p10": 8192.0,
    "p25": 8192.0,
    "p50": 8192.0,
    "p75": 8192.0,
    "p90": 8192.0,
    "p95": 8192.0,
    "p99": 8192.0,
    "min": 8192.0,
    "max": 8192.0,
    "std": 0.0,
    "count": 64,
    "sum": 524288.0
  },
  "inter_chunk_latency": {
    "unit": "ms",
    "avg": 31.343972157480387,
    "p1": 28.424256900533027,
    "p5": 29.27335295681613,
    "p10": 29.650140894726622,
    "p25": 30.38968100260088,
    "p50": 31.344580278424974,
    "p75": 32.214860652430964,
    "p90": 32.77866191619552,
    "p95": 33.076056595006555,
    "p99": 34.524097131147414,
    "min": 0.0,
    "max": 358.33135599999997,
    "std": 3.343701565010968,
    "count": 524224,
    "sum": 16431262.460283
  },
  "total_output_tokens": {
    "unit": "tokens",
    "avg": 524288.0
  },
  "benchmark_duration": {
    "unit": "sec",
    "avg": 2081.0191054730003
  },
  "total_isl": {
    "unit": "tokens",
    "avg": 67260.0
  },
  "total_osl": {
    "unit": "tokens",
    "avg": 524288.0
  },
  "telemetry_data": {
    "summary": {
      "endpoints_configured": [],
      "endpoints_successful": [],
      "start_time": "2026-06-06T22:20:55.531181",
      "end_time": "2026-06-06T22:55:38.693000"
    },
    "endpoints": {},
    "error_summary": []
  },
  "input_config": {
    "models": {
      "items": [
        {
          "name": "nvidia/Kimi-K2.5-NVFP4"
        }
      ]
    },
    "endpoint": {
      "urls": [
        "http://agg-sglang-kimi-k25-nvfp4-frontend.default.svc.cluster.local:8000"
      ],
      "type": "chat",
      "streaming": true,
      "use_server_token_count": true,
      "extra": {
        "ignore_eos": true,
        "max_tokens": 8192,
        "min_tokens": 8192,
        "temperature": 0.0,
        "repetition_penalty": 1.0
      }
    },
    "datasets": [
      {
        "name": "main",
        "type": "synthetic",
        "entries": 64,
        "random_seed": 100,
        "prompts": {
          "isl": {
            "mean": 204.0,
            "stddev": 0.0
          },
          "osl": {
            "mean": 8192.0,
            "stddev": 0.0
          }
        },
        "prefix_prompts": {
          "pool_size": 32,
          "length": 820
        }
      }
    ],
    "phases": [
      {
        "name": "warmup",
        "type": "concurrency",
        "exclude_from_results": true,
        "requests": 32,
        "concurrency": 8
      },
      {
        "name": "profiling",
        "type": "concurrency",
        "requests": 64,
        "concurrency": 8
      }
    ],
    "artifacts": {
      "dir": "/workspace/results/kv-routing-conc-sweep/dynamo-conc8-20260606-202603",
      "records": [
        "jsonl"
      ],
      "auto_plot": false,
      "plot_required": false
    },
    "tokenizer": {
      "name": "nvidia/Kimi-K2.5-NVFP4",
      "trust_remote_code": true
    },
    "gpu_telemetry": {
      "enabled": true
    },
    "server_metrics": {
      "enabled": true,
      "urls": [],
      "formats": [
        "json",
        "csv"
      ]
    },
    "otel": {},
    "mlflow": {},
    "runtime": {
      "ui": "simple",
      "record_processors": 16
    }
  },
  "run_info": {
    "benchmark_id": "4b0616144e92",
    "random_seed": 100,
    "trial": 0,
    "cli_command": "aiperf profile --model 'nvidia/Kimi-K2.5-NVFP4' --url 'http://agg-sglang-kimi-k25-nvfp4-frontend.default.svc.cluster.local:8000' --endpoint-type 'chat' --streaming --tokenizer 'nvidia/Kimi-K2.5-NVFP4' --tokenizer-trust-remote-code --prefix-prompt-length 820 --num-prefix-prompts 32 --synthetic-input-tokens-mean 204 --synthetic-input-tokens-stddev 0 --output-tokens-mean 8192 --output-tokens-stddev 0 --num-prompts 64 --num-requests 64 --warmup-request-count 32 --use-server-token-count --concurrency 8 --record-processors 16 --random-seed 100 --extra-inputs 'ignore_eos:true' --extra-inputs 'max_tokens:8192' --extra-inputs 'min_tokens:8192' --extra-inputs 'temperature:0.0' --extra-inputs 'repetition_penalty:1.0' --artifact-dir '/workspace/results/kv-routing-conc-sweep/dynamo-conc8-20260606-202603' --ui 'simple'"
  },
  "was_cancelled": false,
  "error_summary": [],
  "start_time": "2026-06-06T22:20:55.531181",
  "end_time": "2026-06-06T22:55:36.669407",
  "http_req_connection_reused": {
    "unit": "ratio",
    "avg": 1.0,
    "p1": 1.0,
    "p5": 1.0,
    "p10": 1.0,
    "p25": 1.0,
    "p50": 1.0,
    "p75": 1.0,
    "p90": 1.0,
    "p95": 1.0,
    "p99": 1.0,
    "min": 1.0,
    "max": 1.0,
    "std": 0.0,
    "count": 64,
    "sum": 64.0
  },