{
  "schema_version": "1.3",
  "aiperf_version": "0.11.0",
  "benchmark_id": "9af45831be9f",
  "request_throughput": {
    "unit": "requests/sec",
    "avg": 0.016546996761206908
  },
  "request_latency": {
    "unit": "ms",
    "avg": 240068.58322328125,
    "p1": 225488.60299328,
    "p5": 225739.41457825,
    "p10": 226612.4782672,
    "p25": 236596.07306199998,
    "p50": 238679.8260415,
    "p75": 245950.460218,
    "p90": 246637.9396821,
    "p95": 251690.79825624995,
    "p99": 253007.2217287,
    "min": 225444.664238,
    "max": 253632.49314399998,
    "std": 7385.970257447768,
    "count": 64,
    "sum": 15364389.32629
  },
  "request_count": {
    "unit": "requests",
    "avg": 64.0
  },
  "time_to_first_token": {
    "unit": "ms",
    "avg": 288.222358515625,
    "p1": 177.86916191,
    "p5": 237.3028098,
    "p10": 240.0204319,
    "p25": 265.28496674999997,
    "p50": 279.303277,
    "p75": 286.92006625,
    "p90": 362.93858410000024,
    "p95": 469.0472829499997,
    "p99": 509.8120185299999,
    "min": 172.80216199999998,
    "max": 528.106695,
    "std": 66.96314957940032,
    "count": 64,
    "sum": 18446.230945
  },
  "time_to_second_token": {
    "unit": "ms",
    "avg": 34.32548309375,
    "p1": 25.00888684,
    "p5": 25.52656305,
    "p10": 25.6662449,
    "p25": 27.18264575,
    "p50": 28.407348,
    "p75": 29.968053249999997,
    "p90": 31.098346,
    "p95": 91.35728304999999,
    "p99": 122.72682214999985,
    "min": 24.923983,
    "max": 159.70599199999998,
    "std": 22.547221664444432,
    "count": 64,
    "sum": 2196.830918
  },
  "inter_token_latency": {
    "unit": "ms",
    "avg": 29.273637024144257,
    "p1": 27.497553368487363,
    "p5": 27.52998893437309,
    "p10": 27.636443170247833,
    "p25": 28.852059430167255,
    "p50": 29.1046363245025,
    "p75": 29.969885615767307,
    "p90": 30.059938074923696,
    "p95": 30.693005433036255,
    "p99": 30.852767221804417,
    "min": 27.49411420717861,
    "max": 30.92903378964717,
    "std": 0.8998253153932445,
    "count": 64,
    "sum": 1873.512769545233
  },
  "output_token_throughput": {
    "unit": "tokens/sec",
    "avg": 135.552997467807
  },
  "output_token_throughput_per_user": {
    "unit": "tokens/sec/user",
    "avg": 34.19324855453213,
    "p1": 32.41211972659868,
    "p5": 32.58221990122681,
    "p10": 33.266868371354455,
    "p25": 33.36682738227196,
    "p50": 34.358789415835396,
    "p75": 34.65957287781726,
    "p90": 36.184121768685685,
    "p95": 36.32405317490973,
    "p99": 36.36687220084039,
    "min": 32.33208016781722,
    "max": 36.371420896291454,
    "std": 1.0683718908284745,
    "count": 64,
    "sum": 2188.3679074900556
  },
  "output_sequence_length": {
    "unit": "tokens",
    "avg": 8192.0,
    "p1": 8192.0,
    "p5": 8192.0,
    "p10": 8192.0,
    "p25": 8192.0,
    "p50": 8192.0,
    "p75": 8192.0,
    "p90": 8192.0,
    "p95": 8192.0,
    "p99": 8192.0,
    "min": 8192.0,
    "max": 8192.0,
    "std": 0.0,
    "count": 64,
    "sum": 524288.0
  },
  "input_sequence_length": {
    "unit": "tokens",
    "avg": 1050.9375,
    "p1": 1050.0,
    "p5": 1050.0,
    "p10": 1050.3,
    "p25": 1051.0,
    "p50": 1051.0,
    "p75": 1051.0,
    "p90": 1051.0,
    "p95": 1051.0,
    "p99": 1052.0,
    "min": 1050.0,
    "max": 1052.0,
    "std": 0.3903123748998999,
    "count": 64,
    "sum": 67260.0
  },
  "output_token_count": {
    "unit": "tokens",
    "avg": 8192.0,
    "p1": 8192.0,
    "p5": 8192.0,
    "p10": 8192.0,
    "p25": 8192.0,
    "p50": 8192.0,
    "p75": 8192.0,
    "p90": 8192.0,
    "p95": 8192.0,
    "p99": 8192.0,
    "min": 8192.0,
    "max": 8192.0,
    "std": 0.0,
    "count": 64,
    "sum": 524288.0
  },
  "inter_chunk_latency": {
    "unit": "ms",
    "avg": 29.276708648060072,
    "p1": 26.67360373133635,
    "p5": 27.312934269682778,
    "p10": 27.8019546100693,
    "p25": 28.484818462082302,
    "p50": 29.325547997173054,
    "p75": 30.03688047166468,
    "p90": 30.604358234932587,
    "p95": 30.911530522545103,
    "p99": 31.690336481074684,
    "min": 0.0,
    "max": 232.41150499999998,
    "std": 2.1122310594656373,
    "count": 524169,
    "sum": 15345943.095345
  },
  "total_output_tokens": {
    "unit": "tokens",
    "avg": 524288.0
  },
  "benchmark_duration": {
    "unit": "sec",
    "avg": 3867.771349907
  },
  "total_isl": {
    "unit": "tokens",
    "avg": 67260.0
  },
  "total_osl": {
    "unit": "tokens",
    "avg": 524288.0
  },
  "telemetry_data": {
    "summary": {
      "endpoints_configured": [],
      "endpoints_successful": [],
      "start_time": "2026-06-06T20:58:50.791298",
      "end_time": "2026-06-06T22:03:20.684746"
    },
    "endpoints": {},
    "error_summary": []
  },
  "input_config": {
    "models": {
      "items": [
        {
          "name": "nvidia/Kimi-K2.5-NVFP4"
        }
      ]
    },
    "endpoint": {
      "urls": [
        "http://agg-sglang-kimi-k25-nvfp4-frontend.default.svc.cluster.local:8000"
      ],
      "type": "chat",
      "streaming": true,
      "use_server_token_count": true,
      "extra": {
        "ignore_eos": true,
        "max_tokens": 8192,
        "min_tokens": 8192,
        "temperature": 0.0,
        "repetition_penalty": 1.0
      }
    },
    "datasets": [
      {
        "name": "main",
        "type": "synthetic",
        "entries": 64,
        "random_seed": 100,
        "prompts": {
          "isl": {
            "mean": 204.0,
            "stddev": 0.0
          },
          "osl": {
            "mean": 8192.0,
            "stddev": 0.0
          }
        },
        "prefix_prompts": {
          "pool_size": 32,
          "length": 820
        }
      }
    ],
    "phases": [
      {
        "name": "warmup",
        "type": "concurrency",
        "exclude_from_results": true,
        "requests": 32,
        "concurrency": 4
      },
      {
        "name": "profiling",
        "type": "concurrency",
        "requests": 64,
        "concurrency": 4
      }
    ],
    "artifacts": {
      "dir": "/workspace/results/kv-routing-conc-sweep/dynamo-conc4-20260606-202603",
      "records": [
        "jsonl"
      ],
      "auto_plot": false,
      "plot_required": false
    },
    "tokenizer": {
      "name": "nvidia/Kimi-K2.5-NVFP4",
      "trust_remote_code": true
    },
    "gpu_telemetry": {
      "enabled": true
    },
    "server_metrics": {
      "enabled": true,
      "urls": [],
      "formats": [
        "json",
        "csv"
      ]
    },
    "otel": {},
    "mlflow": {},
    "runtime": {
      "ui": "simple",
      "record_processors": 16
    }
  },
  "run_info": {
    "benchmark_id": "9af45831be9f",
    "random_seed": 100,
    "trial": 0,
    "cli_command": "aiperf profile --model 'nvidia/Kimi-K2.5-NVFP4' --url 'http://agg-sglang-kimi-k25-nvfp4-frontend.default.svc.cluster.local:8000' --endpoint-type 'chat' --streaming --tokenizer 'nvidia/Kimi-K2.5-NVFP4' --tokenizer-trust-remote-code --prefix-prompt-length 820 --num-prefix-prompts 32 --synthetic-input-tokens-mean 204 --synthetic-input-tokens-stddev 0 --output-tokens-mean 8192 --output-tokens-stddev 0 --num-prompts 64 --num-requests 64 --warmup-request-count 32 --use-server-token-count --concurrency 4 --record-processors 16 --random-seed 100 --extra-inputs 'ignore_eos:true' --extra-inputs 'max_tokens:8192' --extra-inputs 'min_tokens:8192' --extra-inputs 'temperature:0.0' --extra-inputs 'repetition_penalty:1.0' --artifact-dir '/workspace/results/kv-routing-conc-sweep/dynamo-conc4-20260606-202603' --ui 'simple'"
  },
  "was_cancelled": false,
  "error_summary": [],
  "start_time": "2026-06-06T20:58:50.791298",
  "end_time": "2026-06-06T22:03:18.663069",
  "http_req_data_received": {
    "unit": "KB",
    "avg": 3610.073440551758,
    "p1": 3605.31201171875,
    "p5": 3607.488330078125,
    "p10": 3608.37119140625,
    "p25": 3609.265625,
    "p50": 3610.154296875,
    "p75": 3611.148681640625,
    "p90": 3611.9388671875,
    "p95": 3612.2033203125,
    "p99": 3612.75900390625,