{
  "schema_version": "1.3",
  "aiperf_version": "0.11.0",
  "benchmark_id": "ff42acce8e57",
  "request_throughput": {
    "unit": "requests/sec",
    "avg": 0.016153718526043574
  },
  "request_latency": {
    "unit": "ms",
    "avg": 272468.32804197917,
    "p1": 241208.66661902,
    "p5": 249156.73473735,
    "p10": 255441.88028579997,
    "p25": 274591.4693065,
    "p50": 274890.60456949996,
    "p75": 275387.5166865,
    "p90": 277805.6575434,
    "p95": 281917.60301445,
    "p99": 281984.31960754,
    "min": 237145.641984,
    "max": 282034.735623,
    "std": 9388.35616435833,
    "count": 48,
    "sum": 13078479.746015
  },
  "request_count": {
    "unit": "requests",
    "avg": 48.0
  },
  "time_to_first_token": {
    "unit": "ms",
    "avg": 641.6792537916666,
    "p1": 402.49335329,
    "p5": 413.38113635,
    "p10": 433.5847272,
    "p25": 501.90676575,
    "p50": 652.9180395,
    "p75": 756.73014125,
    "p90": 823.0153259000001,
    "p95": 874.2212400999998,
    "p99": 941.94862309,
    "min": 394.602238,
    "max": 954.3803829999999,
    "std": 153.07464139535088,
    "count": 48,
    "sum": 30800.604182
  },
  "time_to_second_token": {
    "unit": "ms",
    "avg": 101.14260608333332,
    "p1": 26.291375579999997,
    "p5": 26.93912335,
    "p10": 27.0606596,
    "p25": 27.735673,
    "p50": 58.099146,
    "p75": 134.296692,
    "p90": 273.1574188000001,
    "p95": 281.5751063,
    "p99": 317.75821832,
    "min": 25.937271,
    "max": 345.703405,
    "std": 90.77495762249222,
    "count": 48,
    "sum": 4854.845092
  },
  "inter_token_latency": {
    "unit": "ms",
    "avg": 33.186014990622326,
    "p1": 29.398873552158467,
    "p5": 30.362620304791843,
    "p10": 31.124265784202173,
    "p25": 33.43856459681357,
    "p50": 33.46518305750213,
    "p75": 33.54220669161275,
    "p90": 33.85352497395923,
    "p95": 34.328635160126964,
    "p99": 34.33224248179953,
    "min": 28.903801702600415,
    "max": 34.33226143523379,
    "std": 1.1373278744579487,
    "count": 48,
    "sum": 1592.928719549872
  },
  "output_token_throughput": {
    "unit": "tokens/sec",
    "avg": 132.33126216534896
  },
  "output_token_throughput_per_user": {
    "unit": "tokens/sec/user",
    "avg": 30.171737687037567,
    "p1": 29.1271390306203,
    "p5": 29.13020030055094,
    "p10": 29.541426655547088,
    "p25": 29.813191216130186,
    "p50": 29.88180277638835,
    "p75": 29.905590326501294,
    "p90": 32.12927301985025,
    "p95": 32.94602087900997,
    "p99": 34.025766171737196,
    "min": 29.127122950710753,
    "max": 34.59752493077864,
    "std": 1.1261613102808972,
    "count": 48,
    "sum": 1448.243408977803
  },
  "output_sequence_length": {
    "unit": "tokens",
    "avg": 8192.0,
    "p1": 8192.0,
    "p5": 8192.0,
    "p10": 8192.0,
    "p25": 8192.0,
    "p50": 8192.0,
    "p75": 8192.0,
    "p90": 8192.0,
    "p95": 8192.0,
    "p99": 8192.0,
    "min": 8192.0,
    "max": 8192.0,
    "std": 0.0,
    "count": 48,
    "sum": 393216.0
  },
  "input_sequence_length": {
    "unit": "tokens",
    "avg": 1050.9583333333333,
    "p1": 1050.0,
    "p5": 1050.0,
    "p10": 1051.0,
    "p25": 1051.0,
    "p50": 1051.0,
    "p75": 1051.0,
    "p90": 1051.0,
    "p95": 1051.0,
    "p99": 1052.0,
    "min": 1050.0,
    "max": 1052.0,
    "std": 0.35108957388234824,
    "count": 48,
    "sum": 50446.0
  },
  "output_token_count": {
    "unit": "tokens",
    "avg": 8192.0,
    "p1": 8192.0,
    "p5": 8192.0,
    "p10": 8192.0,
    "p25": 8192.0,
    "p50": 8192.0,
    "p75": 8192.0,
    "p90": 8192.0,
    "p95": 8192.0,
    "p99": 8192.0,
    "min": 8192.0,
    "max": 8192.0,
    "std": 0.0,
    "count": 48,
    "sum": 393216.0
  },
  "inter_chunk_latency": {
    "unit": "ms",
    "avg": 33.249949394598026,
    "p1": 0.5179588960169961,
    "p5": 15.658497123559705,
    "p10": 25.674123219321036,
    "p25": 31.721021514525304,
    "p50": 33.416865192991885,
    "p75": 34.226930311852456,
    "p90": 35.50482890848508,
    "p95": 44.52011906833151,
    "p99": 53.28043691304395,
    "min": 0.0,
    "max": 699.993575,
    "std": 26.466965500600125,
    "count": 392412,
    "sum": 13047679.141833
  },
  "total_output_tokens": {
    "unit": "tokens",
    "avg": 393216.0
  },
  "benchmark_duration": {
    "unit": "sec",
    "avg": 2971.452048184
  },
  "total_isl": {
    "unit": "tokens",
    "avg": 50446.0
  },
  "total_osl": {
    "unit": "tokens",
    "avg": 393216.0
  },
  "error_request_count": {
    "unit": "requests",
    "avg": 16.0
  },
  "telemetry_data": {
    "summary": {
      "endpoints_configured": [],
      "endpoints_successful": [],
      "start_time": "2026-06-08T03:25:24.043343",
      "end_time": "2026-06-08T04:14:57.605251"
    },
    "endpoints": {},
    "error_summary": []
  },
  "input_config": {
    "models": {
      "items": [
        {
          "name": "nvidia/Kimi-K2.5-NVFP4"
        }
      ]
    },
    "endpoint": {
      "urls": [
        "http://standalone-sglang-kimi-k25-frontend.default.svc.cluster.local:8000"
      ],
      "type": "chat",
      "streaming": true,
      "use_server_token_count": true,
      "extra": {
        "ignore_eos": true,
        "max_tokens": 8192,
        "min_tokens": 8192,
        "temperature": 0.0,
        "repetition_penalty": 1.0
      }
    },
    "datasets": [
      {
        "name": "main",
        "type": "synthetic",
        "entries": 64,
        "random_seed": 100,
        "prompts": {
          "isl": {
            "mean": 204.0,
            "stddev": 0.0
          },
          "osl": {
            "mean": 8192.0,
            "stddev": 0.0
          }
        },
        "prefix_prompts": {
          "pool_size": 32,
          "length": 820
        }
      }
    ],
    "phases": [
      {
        "name": "warmup",
        "type": "concurrency",
        "exclude_from_results": true,
        "requests": 32,
        "concurrency": 5
      },
      {
        "name": "profiling",
        "type": "concurrency",
        "requests": 64,
        "concurrency": 5
      }
    ],
    "artifacts": {
      "dir": "/workspace/results/kv-routing-conc-sweep/standalone-conc5-20260608-011601",
      "records": [
        "jsonl"
      ],
      "auto_plot": false,
      "plot_required": false
    },
    "tokenizer": {
      "name": "nvidia/Kimi-K2.5-NVFP4",
      "trust_remote_code": true
    },
    "gpu_telemetry": {
      "enabled": true
    },
    "server_metrics": {
      "enabled": true,
      "urls": [],
      "formats": [
        "json",
        "csv"
      ]
    },
    "otel": {},
    "mlflow": {},
    "runtime": {
      "ui": "simple",
      "record_processors": 16
    }
  },
  "run_info": {
    "benchmark_id": "ff42acce8e57",
    "random_seed": 100,
    "trial": 0,
    "cli_command": "aiperf profile --model 'nvidia/Kimi-K2.5-NVFP4' --url 'http://standalone-sglang-kimi-k25-frontend.default.svc.cluster.local:8000' --endpoint-type 'chat' --streaming --tokenizer 'nvidia/Kimi-K2.5-NVFP4' --tokenizer-trust-remote-code --prefix-prompt-length 820 --num-prefix-prompts 32 --synthetic-input-tokens-mean 204 --synthetic-input-tokens-stddev 0 --output-tokens-mean 8192 --output-tokens-stddev 0 --num-prompts 64 --num-requests 64 --warmup-request-count 32 --use-server-token-count --concurrency 5 --record-processors 16 --random-seed 100 --extra-inputs 'ignore_eos:true' --extra-inputs 'max_tokens:8192' --extra-inputs 'min_tokens:8192' --extra-inputs 'temperature:0.0' --extra-inputs 'repetition_penalty:1.0' --artifact-dir '/workspace/results/kv-routing-conc-sweep/standalone-conc5-20260608-011601' --ui 'simple'"
  },
  "was_cancelled": false,
  "error_summary": [
    {
      "error_details": {
        "code": 500,
        "type": "Internal Server Error",
        "message": "Internal Server Error"
      },
      "count": 1
    },
    {
      "error_details": {
        "type": "ServerDisconnectedError",
        "message": "ServerDisconnectedError('Server disconnected')",