{
  "schema_version": "1.3",
  "aiperf_version": "0.11.0",
  "benchmark_id": "fcfd754af0ea",
  "request_throughput": {
    "unit": "requests/sec",
    "avg": 0.020139908546408486
  },
  "request_latency": {
    "unit": "ms",
    "avg": 243818.13790537498,
    "p1": 227262.32852182,
    "p5": 235245.62810004997,
    "p10": 236628.6238375,
    "p25": 238490.393923,
    "p50": 245712.47564299998,
    "p75": 247159.507104,
    "p90": 251869.28594439998,
    "p95": 253281.66677729998,
    "p99": 254756.65160756,
    "min": 225142.38191499998,
    "max": 254896.43700799998,
    "std": 6461.85189500209,
    "count": 64,
    "sum": 15604360.825943999
  },
  "request_count": {
    "unit": "requests",
    "avg": 64.0
  },
  "time_to_first_token": {
    "unit": "ms",
    "avg": 291.63103696875,
    "p1": 147.97923844,
    "p5": 176.15772575,
    "p10": 200.6278551,
    "p25": 270.26836675,
    "p50": 281.287349,
    "p75": 292.07911724999997,
    "p90": 363.4452043,
    "p95": 434.9531719999996,
    "p99": 635.3022564599997,
    "min": 121.997794,
    "max": 694.2450299999999,
    "std": 91.21281007545093,
    "count": 64,
    "sum": 18664.386366
  },
  "time_to_second_token": {
    "unit": "ms",
    "avg": 34.211282328125,
    "p1": 25.63650371,
    "p5": 26.076670649999997,
    "p10": 26.794840100000002,
    "p25": 28.081080749999998,
    "p50": 29.191979999999997,
    "p75": 30.598585,
    "p90": 32.6150669,
    "p95": 92.1751539,
    "p99": 93.47520324999999,
    "min": 25.564484,
    "max": 93.751285,
    "std": 17.27550090741904,
    "count": 64,
    "sum": 2189.522069
  },
  "inter_token_latency": {
    "unit": "ms",
    "avg": 29.73098606621978,
    "p1": 27.711871208118666,
    "p5": 28.690741622829936,
    "p10": 28.85562754904163,
    "p25": 29.086727376999146,
    "p50": 29.962998415883288,
    "p75": 30.1199802786595,
    "p90": 30.715069545379073,
    "p95": 30.890941145440117,
    "p99": 31.06886872271151,
    "min": 27.4573541469906,
    "max": 31.08538896935661,
    "std": 0.7873255364620815,
    "count": 64,
    "sum": 1902.7831082380658
  },
  "output_token_throughput": {
    "unit": "tokens/sec",
    "avg": 164.98613081217832
  },
  "output_token_throughput_per_user": {
    "unit": "tokens/sec/user",
    "avg": 33.65893477812303,
    "p1": 32.18656510928251,
    "p5": 32.371949947295775,
    "p10": 32.5574294291449,
    "p25": 33.20055527830572,
    "p50": 33.37450228267707,
    "p75": 34.37995302619164,
    "p90": 34.65528660986719,
    "p95": 34.85452115887224,
    "p99": 36.087412657386395,
    "min": 32.16945430490772,
    "max": 36.42011515918778,
    "std": 0.9065826263275988,
    "count": 64,
    "sum": 2154.1718257998746
  },
  "output_sequence_length": {
    "unit": "tokens",
    "avg": 8192.0,
    "p1": 8192.0,
    "p5": 8192.0,
    "p10": 8192.0,
    "p25": 8192.0,
    "p50": 8192.0,
    "p75": 8192.0,
    "p90": 8192.0,
    "p95": 8192.0,
    "p99": 8192.0,
    "min": 8192.0,
    "max": 8192.0,
    "std": 0.0,
    "count": 64,
    "sum": 524288.0
  },
  "input_sequence_length": {
    "unit": "tokens",
    "avg": 1050.9375,
    "p1": 1050.0,
    "p5": 1050.0,
    "p10": 1050.3,
    "p25": 1051.0,
    "p50": 1051.0,
    "p75": 1051.0,
    "p90": 1051.0,
    "p95": 1051.0,
    "p99": 1052.0,
    "min": 1050.0,
    "max": 1052.0,
    "std": 0.3903123748998999,
    "count": 64,
    "sum": 67260.0
  },
  "output_token_count": {
    "unit": "tokens",
    "avg": 8192.0,
    "p1": 8192.0,
    "p5": 8192.0,
    "p10": 8192.0,
    "p25": 8192.0,
    "p50": 8192.0,
    "p75": 8192.0,
    "p90": 8192.0,
    "p95": 8192.0,
    "p99": 8192.0,
    "min": 8192.0,
    "max": 8192.0,
    "std": 0.0,
    "count": 64,
    "sum": 524288.0
  },
  "inter_chunk_latency": {
    "unit": "ms",
    "avg": 29.73098606621978,
    "p1": 26.768161069444226,
    "p5": 27.82726774648342,
    "p10": 28.232204137075783,
    "p25": 29.00615372282447,
    "p50": 29.707729862891313,
    "p75": 30.454607339880706,
    "p90": 31.063967811172482,
    "p95": 31.515625583147216,
    "p99": 32.42009903922232,
    "min": 0.0,
    "max": 180.66152599999998,
    "std": 2.246296950478942,
    "count": 524224,
    "sum": 15585696.439577999
  },
  "total_output_tokens": {
    "unit": "tokens",
    "avg": 524288.0
  },
  "benchmark_duration": {
    "unit": "sec",
    "avg": 3177.770139945
  },
  "total_isl": {
    "unit": "tokens",
    "avg": 67260.0
  },
  "total_osl": {
    "unit": "tokens",
    "avg": 524288.0
  },
  "telemetry_data": {
    "summary": {
      "endpoints_configured": [],
      "endpoints_successful": [],
      "start_time": "2026-06-08T18:24:22.419706",
      "end_time": "2026-06-08T19:17:22.319286"
    },
    "endpoints": {},
    "error_summary": []
  },
  "input_config": {
    "models": {
      "items": [
        {
          "name": "nvidia/Kimi-K2.5-NVFP4"
        }
      ]
    },
    "endpoint": {
      "urls": [
        "http://agg-sglang-kimi-k25-nvfp4-frontend.default.svc.cluster.local:8000"
      ],
      "type": "chat",
      "streaming": true,
      "use_server_token_count": true,
      "extra": {
        "ignore_eos": true,
        "max_tokens": 8192,
        "min_tokens": 8192,
        "temperature": 0.0,
        "repetition_penalty": 1.0
      }
    },
    "datasets": [
      {
        "name": "main",
        "type": "synthetic",
        "entries": 64,
        "random_seed": 100,
        "prompts": {
          "isl": {
            "mean": 204.0,
            "stddev": 0.0
          },
          "osl": {
            "mean": 8192.0,
            "stddev": 0.0
          }
        },
        "prefix_prompts": {
          "pool_size": 32,
          "length": 820
        }
      }
    ],
    "phases": [
      {
        "name": "warmup",
        "type": "concurrency",
        "exclude_from_results": true,
        "requests": 32,
        "concurrency": 5
      },
      {
        "name": "profiling",
        "type": "concurrency",
        "requests": 64,
        "concurrency": 5
      }
    ],
    "artifacts": {
      "dir": "/workspace/results/kv-routing-conc-sweep/dynamo-conc5-20260608-175548",
      "records": [
        "jsonl"
      ],
      "auto_plot": false,
      "plot_required": false
    },
    "tokenizer": {
      "name": "nvidia/Kimi-K2.5-NVFP4",
      "trust_remote_code": true
    },
    "gpu_telemetry": {
      "enabled": true
    },
    "server_metrics": {
      "enabled": true,
      "urls": [],
      "formats": [
        "json",
        "csv"
      ]
    },
    "otel": {},
    "mlflow": {},
    "runtime": {
      "ui": "simple",
      "record_processors": 16
    }
  },
  "run_info": {
    "benchmark_id": "fcfd754af0ea",
    "random_seed": 100,
    "trial": 0,
    "cli_command": "aiperf profile --model 'nvidia/Kimi-K2.5-NVFP4' --url 'http://agg-sglang-kimi-k25-nvfp4-frontend.default.svc.cluster.local:8000' --endpoint-type 'chat' --streaming --tokenizer 'nvidia/Kimi-K2.5-NVFP4' --tokenizer-trust-remote-code --prefix-prompt-length 820 --num-prefix-prompts 32 --synthetic-input-tokens-mean 204 --synthetic-input-tokens-stddev 0 --output-tokens-mean 8192 --output-tokens-stddev 0 --num-prompts 64 --num-requests 64 --warmup-request-count 32 --use-server-token-count --concurrency 5 --record-processors 16 --random-seed 100 --extra-inputs 'ignore_eos:true' --extra-inputs 'max_tokens:8192' --extra-inputs 'min_tokens:8192' --extra-inputs 'temperature:0.0' --extra-inputs 'repetition_penalty:1.0' --artifact-dir '/workspace/results/kv-routing-conc-sweep/dynamo-conc5-20260608-175548' --ui 'simple'"
  },
  "was_cancelled": false,
  "error_summary": [],
  "start_time": "2026-06-08T18:24:22.419706",
  "end_time": "2026-06-08T19:17:20.294627",
  "http_req_data_received": {
    "unit": "KB",
    "avg": 3610.2409057617188,
    "p1": 3606.543271484375,
    "p5": 3607.270068359375,
    "p10": 3608.50244140625,
    "p25": 3609.169189453125,
    "p50": 3610.25341796875,
    "p75": 3611.316650390625,
    "p90": 3612.2072265625,
    "p95": 3612.788623046875,