{
  "schema_version": "1.3",
  "aiperf_version": "0.11.0",
  "benchmark_id": "9e13a531a932",
  "request_throughput": {
    "unit": "requests/sec",
    "avg": 0.015775679518964157
  },
  "request_latency": {
    "unit": "ms",
    "avg": 248894.86224790625,
    "p1": 235714.46527364998,
    "p5": 235879.4982292,
    "p10": 235929.6778554,
    "p25": 237434.893242,
    "p50": 253464.08551499998,
    "p75": 253832.5225415,
    "p90": 254328.9894385,
    "p95": 254470.06837315,
    "p99": 254592.07423541,
    "min": 235710.896163,
    "max": 254615.423165,
    "std": 7667.7784454173125,
    "count": 64,
    "sum": 15929271.183866
  },
  "request_count": {
    "unit": "requests",
    "avg": 64.0
  },
  "time_to_first_token": {
    "unit": "ms",
    "avg": 431.141641140625,
    "p1": 242.60536169,
    "p5": 243.05449844999998,
    "p10": 243.66728559999999,
    "p25": 248.78730025,
    "p50": 448.1660015,
    "p75": 587.4483407499999,
    "p90": 634.2204267000001,
    "p95": 677.4749166999999,
    "p99": 700.7249793899998,
    "min": 242.567648,
    "max": 729.08805,
    "std": 164.2020985567504,
    "count": 64,
    "sum": 27593.065033
  },
  "time_to_second_token": {
    "unit": "ms",
    "avg": 63.806939671875,
    "p1": 0.07954757999999999,
    "p5": 6.7710697,
    "p10": 25.304746199999997,
    "p25": 26.37151575,
    "p50": 26.68186,
    "p75": 44.4678845,
    "p90": 182.73352409999998,
    "p95": 257.8492422499998,
    "p99": 290.38601980999994,
    "min": 0.0,
    "max": 298.54270099999997,
    "std": 76.81704764371753,
    "count": 64,
    "sum": 4083.644139
  },
  "inter_token_latency": {
    "unit": "ms",
    "avg": 30.333746869340203,
    "p1": 28.74708191378342,
    "p5": 28.76765874323037,
    "p10": 28.773790540593332,
    "p25": 28.94612784110609,
    "p50": 30.902359241667682,
    "p75": 30.92529940895495,
    "p90": 30.979474593505063,
    "p95": 31.005025917830544,
    "p99": 31.04307343224148,
    "min": 28.746878080209985,
    "max": 31.053120288365278,
    "std": 0.9244891102753353,
    "count": 64,
    "sum": 1941.359799637773
  },
  "output_token_throughput": {
    "unit": "tokens/sec",
    "avg": 129.23436661935438
  },
  "output_token_throughput_per_user": {
    "unit": "tokens/sec/user",
    "avg": 32.99818165982475,
    "p1": 32.21330721943768,
    "p5": 32.25283564936526,
    "p10": 32.2794380297985,
    "p25": 32.33598449271345,
    "p50": 32.3599888560955,
    "p75": 34.54696252953197,
    "p90": 34.753850019480915,
    "p95": 34.76125773502351,
    "p99": 34.78613944290656,
    "min": 32.2028830183185,
    "max": 34.786386097641085,
    "std": 1.0368107617367641,
    "count": 64,
    "sum": 2111.8836262287837
  },
  "output_sequence_length": {
    "unit": "tokens",
    "avg": 8192.0,
    "p1": 8192.0,
    "p5": 8192.0,
    "p10": 8192.0,
    "p25": 8192.0,
    "p50": 8192.0,
    "p75": 8192.0,
    "p90": 8192.0,
    "p95": 8192.0,
    "p99": 8192.0,
    "min": 8192.0,
    "max": 8192.0,
    "std": 0.0,
    "count": 64,
    "sum": 524288.0
  },
  "input_sequence_length": {
    "unit": "tokens",
    "avg": 1050.9375,
    "p1": 1050.0,
    "p5": 1050.0,
    "p10": 1050.3,
    "p25": 1051.0,
    "p50": 1051.0,
    "p75": 1051.0,
    "p90": 1051.0,
    "p95": 1051.0,
    "p99": 1052.0,
    "min": 1050.0,
    "max": 1052.0,
    "std": 0.3903123748998999,
    "count": 64,
    "sum": 67260.0
  },
  "output_token_count": {
    "unit": "tokens",
    "avg": 8192.0,
    "p1": 8192.0,
    "p5": 8192.0,
    "p10": 8192.0,
    "p25": 8192.0,
    "p50": 8192.0,
    "p75": 8192.0,
    "p90": 8192.0,
    "p95": 8192.0,
    "p99": 8192.0,
    "min": 8192.0,
    "max": 8192.0,
    "std": 0.0,
    "count": 64,
    "sum": 524288.0
  },
  "inter_chunk_latency": {
    "unit": "ms",
    "avg": 30.414799003940114,
    "p1": 0.45235369577152,
    "p5": 21.06817524188082,
    "p10": 28.10391092413502,
    "p25": 29.3170373218216,
    "p50": 30.531577594903673,
    "p75": 31.311988132148755,
    "p90": 31.76699227130804,
    "p95": 33.45926358073964,
    "p99": 54.817520972463285,
    "min": 0.0,
    "max": 619.541292,
    "std": 16.547928316765457,
    "count": 522827,
    "sum": 15901678.118833
  },
  "total_output_tokens": {
    "unit": "tokens",
    "avg": 524288.0
  },
  "benchmark_duration": {
    "unit": "sec",
    "avg": 4056.877545152
  },
  "total_isl": {
    "unit": "tokens",
    "avg": 67260.0
  },
  "total_osl": {
    "unit": "tokens",
    "avg": 524288.0
  },
  "telemetry_data": {
    "summary": {
      "endpoints_configured": [],
      "endpoints_successful": [],
      "start_time": "2026-06-08T01:48:55.690255",
      "end_time": "2026-06-08T02:56:34.718989"
    },
    "endpoints": {},
    "error_summary": []
  },
  "input_config": {
    "models": {
      "items": [
        {
          "name": "nvidia/Kimi-K2.5-NVFP4"
        }
      ]
    },
    "endpoint": {
      "urls": [
        "http://standalone-sglang-kimi-k25-frontend.default.svc.cluster.local:8000"
      ],
      "type": "chat",
      "streaming": true,
      "use_server_token_count": true,
      "extra": {
        "ignore_eos": true,
        "max_tokens": 8192,
        "min_tokens": 8192,
        "temperature": 0.0,
        "repetition_penalty": 1.0
      }
    },
    "datasets": [
      {
        "name": "main",
        "type": "synthetic",
        "entries": 64,
        "random_seed": 100,
        "prompts": {
          "isl": {
            "mean": 204.0,
            "stddev": 0.0
          },
          "osl": {
            "mean": 8192.0,
            "stddev": 0.0
          }
        },
        "prefix_prompts": {
          "pool_size": 32,
          "length": 820
        }
      }
    ],
    "phases": [
      {
        "name": "warmup",
        "type": "concurrency",
        "exclude_from_results": true,
        "requests": 32,
        "concurrency": 4
      },
      {
        "name": "profiling",
        "type": "concurrency",
        "requests": 64,
        "concurrency": 4
      }
    ],
    "artifacts": {
      "dir": "/workspace/results/kv-routing-conc-sweep/standalone-conc4-20260608-011601",
      "records": [
        "jsonl"
      ],
      "auto_plot": false,
      "plot_required": false
    },
    "tokenizer": {
      "name": "nvidia/Kimi-K2.5-NVFP4",
      "trust_remote_code": true
    },
    "gpu_telemetry": {
      "enabled": true
    },
    "server_metrics": {
      "enabled": true,
      "urls": [],
      "formats": [
        "json",
        "csv"
      ]
    },
    "otel": {},
    "mlflow": {},
    "runtime": {
      "ui": "simple",
      "record_processors": 16
    }
  },
  "run_info": {
    "benchmark_id": "9e13a531a932",
    "random_seed": 100,
    "trial": 0,
    "cli_command": "aiperf profile --model 'nvidia/Kimi-K2.5-NVFP4' --url 'http://standalone-sglang-kimi-k25-frontend.default.svc.cluster.local:8000' --endpoint-type 'chat' --streaming --tokenizer 'nvidia/Kimi-K2.5-NVFP4' --tokenizer-trust-remote-code --prefix-prompt-length 820 --num-prefix-prompts 32 --synthetic-input-tokens-mean 204 --synthetic-input-tokens-stddev 0 --output-tokens-mean 8192 --output-tokens-stddev 0 --num-prompts 64 --num-requests 64 --warmup-request-count 32 --use-server-token-count --concurrency 4 --record-processors 16 --random-seed 100 --extra-inputs 'ignore_eos:true' --extra-inputs 'max_tokens:8192' --extra-inputs 'min_tokens:8192' --extra-inputs 'temperature:0.0' --extra-inputs 'repetition_penalty:1.0' --artifact-dir '/workspace/results/kv-routing-conc-sweep/standalone-conc4-20260608-011601' --ui 'simple'"
  },
  "was_cancelled": false,
  "error_summary": [],
  "start_time": "2026-06-08T01:48:55.690255",
  "end_time": "2026-06-08T02:56:32.698349",
  "usage_prompt_tokens": {
    "unit": "tokens",
    "avg": 1050.9375,
    "p1": 1050.0,
    "p5": 1050.0,
    "p10": 1050.3,
    "p25": 1051.0,
    "p50": 1051.0,
    "p75": 1051.0,
    "p90": 1051.0,
    "p95": 1051.0,
    "p99": 1052.0,
    "min": 1050.0,
    "max": 1052.0,
    "std": 0.3903123748998999,
    "count": 64,